Dataset,F1_measure,Accuracy
HDFS,0.999984,0.997500
Hadoop,0.995869,0.869000
Spark,0.991018,0.905000
Zookeeper,0.995291,0.921000
BGL,0.999554,0.957000
HPC,0.992206,0.903000
Thunderbird,0.999130,0.941000
Windows,0.999281,0.689500
Linux,0.992350,0.672500
Android,0.940411,0.681500
HealthApp,0.863969,0.567500
Apache,1.000000,1.000000
Proxifier,0.786336,0.495000
OpenSSH,0.987212,0.538000
OpenStack,0.986042,0.757500
Mac,0.962113,0.763500
